ID,Title,Cover URL,Artist,Tags,Download URL,MediaFire,Download_URL,GID,Status
27270,トロイメライ,https://doujinstyle.com/covers/27270.jpg,少女フラクタル (Shoujo Fractal),C105 | Touhou | Vocal | Electronic | Trance,https://www.mediafire.com/file/fa7ocwnexpn497y/å°å¥³ãã©ã¯ã¿ã«+-+ãã­ã¤ã¡ã©ã¤+[FLAC].zip/file,Yes,https://download1478.mediafire.com/z9aldkheetagaTy_YDuESZi9dlxfNDW9PW42lGI6UKpNQPEkpIZDSYV6dAm0ADPjHcAt8H7Q3N4DezNB74lz3ReIaYWPGGaJsHTlRT2DY90Qiu-tfV6--McNm9uox8IAOsutGsIEkPweNaXKPicFEcnNukvflkRFZjlqDlFDK8xOTA/fa7ocwnexpn497y/%E5%B0%91%E5%A5%B3%E3%83%95%E3%83%A9%E3%82%AF%E3%82%BF%E3%83%AB+-+%E3%83%88%E3%83%AD%E3%82%A4%E3%83%A1%E3%83%A9%E3%82%A4+%5BFLAC%5D.zip,200ec02eb79dcdf2,Queued
25807,ポーカーフェイス,https://doujinstyle.com/covers/25807.png,少女フラクタル (Shoujo Fractal),THK10 | Touhou | J-pop | Electronic | Rock | Trance,https://www.mediafire.com/file/rakeqr9puj2u9bo/2016.03.13_%255BSJFT-0011%255D_%25E3%2583%259D%25E3%2583%25BC%25E3%2582%25AB%25E3%2583%25BC%25E3%2583%2595%25E3%2582%25A7%25E3%2582%25A4%25E3%2582%25B9.zip/file,Yes,https://download850.mediafire.com/b3apj9rbuskgQzvKh2rdOAxO60eLjiGaIy69QxvuQKC0DVi3krnnAW5ikLcbyQVTqxVPDT7dQGl_k75YvZpVyrNqp7JI5hT4hj05ygTD18UGCo9kjc89WMDgoGMPTZGHLg5rcl917VZMAcmiGL6J7Vv2Pta1Z6jN4KbpJ7e8s49MgQ/rakeqr9puj2u9bo/2016.03.13+%5BSJFT-0011%5D+%E3%83%9D%E3%83%BC%E3%82%AB%E3%83%BC%E3%83%95%E3%82%A7%E3%82%A4%E3%82%B9.zip,b181aff81490aa80,Queued
25640,今宵、ヴァンパイアは,https://doujinstyle.com/covers/25640.jpg,少女フラクタル (Shoujo Fractal),C104 | Touhou | J-pop | Electronic | Rock | Trance,https://www.mediafire.com/file/s778bddxkrtvyif/2024.08.12_%255BSJFT-0081%255D_%25E4%25BB%258A%25E5%25AE%25B5%25E3%2583%25B4%25E3%2582%25A1%25E3%2583%25B3%25E3%2583%2591%25E3%2582%25A4%25E3%2582%25A2%25E3%2581%25AF_%255BC104%255D.zip/file,Yes,https://download1478.mediafire.com/fcdx14h4xxigAAvqltdKAz4-CaCdIeqXckAkdwbLfEIc8-1lQhPwUfoos1GAjKhyToH9jhIkPMVKudfAy02a0YGJQ97lmm6vXXqhQW_FiovPWQusmh2hVQ67StMsZCBKnsmqq3XBJ6ErFMzpFdIpZH0Q35gG_JRNhL5XZXtfQivLXQ/s778bddxkrtvyif/2024.08.12+%5BSJFT-0081%5D+%E4%BB%8A%E5%AE%B5%E3%83%B4%E3%82%A1%E3%83%B3%E3%83%91%E3%82%A4%E3%82%A2%E3%81%AF+%5BC104%5D.zip,8183c8bc9ff75b3c,Queued
25639,想いの言ノ葉 -Instrument Ver.-,https://doujinstyle.com/covers/25639.jpg,少女フラクタル (Shoujo Fractal),C104 | Touhou | J-pop | Electronic | Rock | Trance,https://www.mediafire.com/file/vm64iz87rcf5kb6/2024.08.12_%255BSJFT-0082%255D_%25E6%2583%25B3%25E3%2581%2584%25E3%2581%25AE%25E8%25A8%2580%25E3%2583%258E%25E8%2591%2589_-Instrument_Ver.-_%255BC104%255D.zip/file,Yes,https://download1349.mediafire.com/w73mqga1ynkgdlQoxVc0hgqkl9MU_3WY9uf9Lhhel18U8yaDsZT6KYdXTWLMtmz3FIigngRxB2osUUMyf16PfL0xcZIVujKaDmBcNLv6zeRYAQqSbZsPcW4FZPYaBugiGx-z_1dIs0lIF6cAx1F_VT081DaCWketxdrGSzOpnabrnQ/vm64iz87rcf5kb6/2024.08.12+%5BSJFT-0082%5D+%E6%83%B3%E3%81%84%E3%81%AE%E8%A8%80%E3%83%8E%E8%91%89+-Instrument+Ver.-+%5BC104%5D.zip,552490a7d84797df,Queued
25439,偶像のアイデンティティ,https://doujinstyle.com/covers/25439.jpeg,少女フラクタル (Shoujo Fractal),RTS21 | Touhou | J-pop | Rock | Electronic,https://www.mediafire.com/file/xtykhdqx1fnsy1b/[ä¾å¤§ç¥­21]å°å¥³ãã©ã¯ã¿ã«+-+å¶åã®ã¢ã¤ãã³ãã£ãã£.zip/file,Yes,https://download1582.mediafire.com/7502sbkstvlgEmhhFLjxhYDwQjGlvYIV_OgqDOhK2xQs8sGUe7r0Ssihv0kk5_z-oGBpDDgexp4UUIXvxG4YR_NjdqtnX2pzoD8RGYUMzwssjSa4gllpZdTel3RdfhgUFYfd9vQ46k15T_mmCuWKKqo9CeTFJ0AFa7UPsveTieDR2A/xtykhdqx1fnsy1b/%5B%E4%BE%8B%E5%A4%A7%E7%A5%AD21%5D%E5%B0%91%E5%A5%B3%E3%83%95%E3%83%A9%E3%82%AF%E3%82%BF%E3%83%AB+-+%E5%81%B6%E5%83%8F%E3%81%AE%E3%82%A2%E3%82%A4%E3%83%87%E3%83%B3%E3%83%86%E3%82%A3%E3%83%86%E3%82%A3.zip,466bbb80a9a4a06f,Queued
23556,彩りゆく幻想,https://doujinstyle.com/covers/23556.jpg,少女フラクタル (Shoujo Fractal),C99 | Touhou | J-pop | Trance | Electronic | Rock,https://www.mediafire.com/file/9f7f0ua1xfx8kj0/,Yes,https://download1648.mediafire.com/89qm33tlw8agVAASSRQBxD1uFiPHe0aCRdtcx7Bo4jiyl6zF3_iLSaiPIe3BxzKpUU8jc-v5BhNhQRV9Fhpgs4QISJk1T2n5zKuQR_D-wIk8eSIv30mT-NLFoYtF2i-QTI4AsZizu3ht3J6CPpxu-XJlxMejZYW0m5zJEO1788os_A/9f7f0ua1xfx8kj0/2021.12.31+%5BSJFT-0066%5D+%E5%BD%A9%E3%82%8A%E3%82%86%E3%81%8F%E5%B9%BB%E6%83%B3+%5BC99%5D.zip,e79c4fe46572078a,Queued
23479,深淵の果て、ひとつの光,https://doujinstyle.com/covers/23479.png,少女フラクタル (Shoujo Fractal),C103 | Touhou | Vocal | Electronic | Trance | Rock,https://www.mediafire.com/file/qyob9tknt0k78ny/,Yes,https://download1980.mediafire.com/3elbnt0160eg-Y79eKKA9fBaxze9eOo1p9p2I2uH37ewydi48GCKaCSjM4GUnFXMtBP2230OJMemD0rs5dMJ8xrQzyLtWGqcu7ClHsyWwSAVO5D9XGen6k1tyyNSBQJROKPyswKZnvRk0Ln7VFQAsdU224BgI-wLEtzWspyPIgbhLg/qyob9tknt0k78ny/2023.12.31+%5BSJFT-0076%5D+%E6%B7%B1%E6%B7%B5%E3%81%AE%E6%9E%9C%E3%81%A6%E3%80%81%E3%81%B2%E3%81%A8%E3%81%A4%E3%81%AE%E5%85%89+%5BC103%5D.zip,c6e39b3e25733ef5,Queued
22680,ユメミガチ,https://doujinstyle.com/covers/22680.png,少女フラクタル (Shoujo Fractal),ARTS10 | Touhou | J-pop | Rock,https://www.mediafire.com/file/xu31imiwfvsewwg/2023.11.12+[SJFT-0075]+ã¦ã¡ãã¬ã+[ç§ä¾å¤§ç¥­10].zip/file,Yes,https://download1523.mediafire.com/0iakra60fbqg40IjALSLL8PULKijrLYvd7deFbVCDtJfyJFl_tZicnQjLaxFCDCC2ytMrJf4cdW_21vByGisF0glbHSxBWYeSwShCc-MEW8JId7kAZ3-0KvFPSMD-bO326YXn74WSGG6Q3PR9NuHn2QmuksLdAMu0yEPDwbw3WpQMQ/xu31imiwfvsewwg/2023.11.12+%5BSJFT-0075%5D+%E3%83%A6%E3%83%A1%E3%83%9F%E3%82%AC%E3%83%81+%5B%E7%A7%8B%E4%BE%8B%E5%A4%A7%E7%A5%AD10%5D.zip,5d32a91088f66b2f,Queued
22679,彷徨いの冥～天～ (2023ver.),https://doujinstyle.com/covers/22679.jpg,少女フラクタル (Shoujo Fractal),M3-52 | Touhou | Vocal | Rock,https://www.mediafire.com/file/j6gnjgdiszvxtcb/2023.10.29+[SJEX-0019]+å½·å¾¨ãã®å¥ï½å¤©ï½+(2023ver.)+[M3-52].zip/file,Yes,https://download943.mediafire.com/s5fktksqa51gQ_SQQZVgOlbTcDr_jncPpTKuide9dqyj2Si-s4kv37OemCH8RarOOOiv0_-5VikMDt20sl7DD-z8qQiGVOFM-rA1EFV8xCcNayePCICHOzDRE525Mm-L6ST7G5c4_veAw1W0qtwv5JCGkLdhAfPHZ5jRpKdta53CqQ/j6gnjgdiszvxtcb/2023.10.29+%5BSJEX-0019%5D+%E5%BD%B7%E5%BE%A8%E3%81%84%E3%81%AE%E5%86%A5%EF%BD%9E%E5%A4%A9%EF%BD%9E+%282023ver.%29+%5BM3-52%5D.zip,40c3473fd35fdc4d,Queued
21859,三日月の導き,https://doujinstyle.com/covers/21859.jpg,少女フラクタル (Shoujo Fractal),C102 | Touhou | J-pop | Electronic | Trance,https://www.mediafire.com/file/v4pyh0wyijpafpa/2023.08.13+[SJFT-0074]+ä¸æ¥æã®å°ã+[C102].zip/file,Yes,https://download1979.mediafire.com/tuphydm9ihkgXlhkQr_AiLFcX7NmYhyX5L9ioLWaxnBiRI4coV845NG199ziV2a7MYjvcOBl5MErM2eSkpGuaiV0AwSHO9VNrRqTOpl5xijLFm8MauQCxqnV-xzLkCg10zNWU9CSah6Ek_I444p3rm6FYk3yvlgqEsl79ssqJ4EdAQ/v4pyh0wyijpafpa/2023.08.13+%5BSJFT-0074%5D+%E4%B8%89%E6%97%A5%E6%9C%88%E3%81%AE%E5%B0%8E%E3%81%8D+%5BC102%5D.zip,c9b66dee0c6375f1,Queued
20953,たったひとつの願い事,https://doujinstyle.com/covers/20953.jpg,少女フラクタル (Shoujo Fractal),RTS20 | Touhou | J-pop | Rock,https://www.mediafire.com/file/dcd6v7meuv4w0zr/2023.05.07+[SJFT-0073]+ãã£ãã²ã¨ã¤ã®é¡ãäº+[ä¾å¤§ç¥­20].zip/file,Yes,https://download1076.mediafire.com/j5k7dwp249hghito_tLUSVJ6HRQoGdV3W5blfGrsokihfxoFnBQfidcLv5ehUM5hM_HSbbR03ER8bjkX4og3ffZA5zlM7YW-iFDsTGWsbltq7BDk6h2I2At2e9C082MCuMzFBRTFZOdh0FlngVOwWqeWzs8BTsHl7oFDshmgnAkNEQ/dcd6v7meuv4w0zr/2023.05.07+%5BSJFT-0073%5D+%E3%81%9F%E3%81%A3%E3%81%9F%E3%81%B2%E3%81%A8%E3%81%A4%E3%81%AE%E9%A1%98%E3%81%84%E4%BA%8B+%5B%E4%BE%8B%E5%A4%A7%E7%A5%AD20%5D.zip,1aebf78d1d4ebbfc,Queued
19608,天を掴むまで,https://doujinstyle.com/covers/19608.jpg,少女フラクタル (Shoujo Fractal),ARTS9 | Touhou | J-pop | Rock,https://www.mediafire.com/file/wkx3s2f10fsllwl/2022.10.23+[SJFT-0070]+å¤©ãæ´ãã¾ã§+[ç§ä¾å¤§ç¥­9].zip/file,Yes,https://download1320.mediafire.com/gwc5psp9oypgpKg8QXsHu2nr1CuZto5-DBPHMdjZFJXXdmOUkaMan6YAQjEc89BDDdmol1SgnwGoSKTLuxIQ4ju5spnlmSlg44c4TNAZ9aTmBMpScmV2-S6fN-6_E-tVSsXcgEGn9Ds5zYkaKQ43m_DIN8-cewFfJ3ePOWrJ8Itlzg/wkx3s2f10fsllwl/2022.10.23+%5BSJFT-0070%5D+%E5%A4%A9%E3%82%92%E6%8E%B4%E3%82%80%E3%81%BE%E3%81%A7+%5B%E7%A7%8B%E4%BE%8B%E5%A4%A7%E7%A5%AD9%5D.zip,5b68c0c65a60d197,Queued
19524,幾千億分の一,https://doujinstyle.com/covers/19524.png,少女フラクタル (Shoujo Fractal),C100 | Touhou | Trance | Electronic | J-pop,https://www.mediafire.com/file/iydohc7enalv239/2022.08.14+[SJFT-0069]+å¹¾åååã®ä¸+[C100].zip/file,Yes,https://download1980.mediafire.com/efm34tdbn0ig-UWX2_BPRXQsotgsBak91pykNethPnLpR5affOh8FdlH54SeqxMiwsX-q-4vOXqaMDConqhrlpBvBCXF4KTpODEi3yVTLbGScK5Vltfut8HIjcrvB7A0nNmfWpWKOjFknvQuKuq4TBmX5TgH1cHLaUZAcypGUCOWXQ/iydohc7enalv239/2022.08.14+%5BSJFT-0069%5D+%E5%B9%BE%E5%8D%83%E5%84%84%E5%88%86%E3%81%AE%E4%B8%80+%5BC100%5D.zip,4e7154c48ca00ae2,Queued
17686,神風コンチェルト,https://doujinstyle.com/covers/17686.jpg,少女フラクタル (Shoujo Fractal),KanColle | J-pop | Soundtrack,https://www.mediafire.com/file/fus80nsplrgdqvz/2015.06.21+[SJFT-0005]+ç¥é¢¨ã³ã³ãã§ã«ã+[ç ²é·ææ¦ï¼ãã¼ãï¼17].rar/file,Yes,https://download1325.mediafire.com/2ye7gysso74gNhdGlECc_6NUgLHyTfeJlZUcjvtx31p4BG4wZLkANNvIz5I1urAM2txnXgBCUbX8OMXUwqmYUPpXx3e7d_TAGLPMFqBlAWLbF8YqodgXKt92PHAdyBrjn4_jCW1HEchrIKEzCkQWSbHMXGf6YrOk4hf98YQfryYDSw/fus80nsplrgdqvz/2015.06.21+%5BSJFT-0005%5D+%E7%A5%9E%E9%A2%A8%E3%82%B3%E3%83%B3%E3%83%81%E3%82%A7%E3%83%AB%E3%83%88+%5B%E7%A0%B2%E9%9B%B7%E6%92%83%E6%88%A6%EF%BC%81%E3%82%88%E3%83%BC%E3%81%84%EF%BC%8117%5D.rar,4afd85953ef684ab,Queued
17535,秘められた意図,https://doujinstyle.com/covers/17535.jpg,少女フラクタル (Shoujo Fractal),ARTS8 | Touhou | Electronic | J-pop | Rock,https://www.mediafire.com/file/isxxt8l7ook7meh/2021.10.24+[SJFT-0065]+ç§ããããæå³+[ç§ä¾å¤§ç¥­8].zip/file,Yes,https://download1336.mediafire.com/f3phyp499bwg0rSJNNnYelYxA41BF02U85FZMfz_zc8LPsjmpH4HVSqgifJrNMHg4lG3h7E1uOm8kPC9BUWGMur-EP_LGFmcZMnRHeOSd1ipbgozpaUMg47GK0VfH45ZQ7heBpUxCrDIOwcQIKWD7ZMy7P9xaICKqyTXQId06IqTyQ/isxxt8l7ook7meh/2021.10.24+%5BSJFT-0065%5D+%E7%A7%98%E3%82%81%E3%82%89%E3%82%8C%E3%81%9F%E6%84%8F%E5%9B%B3+%5B%E7%A7%8B%E4%BE%8B%E5%A4%A7%E7%A5%AD8%5D.zip,5c0c56cd13829549,Queued
17152,3in1CD 色は匂へど散りぬるを,https://doujinstyle.com/covers/17152.jpg,少女フラクタル (Shoujo Fractal),RTS17 | Touhou | Vocal | Soundtrack | J-pop | Electronic,https://www.mediafire.com/file/nhmyy7e8ex38yfu/2020.03.22+[SJFT-0053]+3in1CD+è²ã¯åã¸ã©æ£ãã¬ãã+[ä¾å¤§ç¥­17].zip/file,Yes,https://download1526.mediafire.com/h3ehv1q38uegoftkGOPrOVFp84pOJ_ClN7zAxjhcJ1yV985KROFzLoz88L4pkh98LTODbmveHPBYVx7YPM7mepkGwEQsv0_v3BLUf_4So0bbQXrVQIHlS-jlyis7UaBCg7cHydpXLsPD1fhG9wemTKCR4AE3X4OSIFuj51LVibhZJQ/nhmyy7e8ex38yfu/2020.03.22+%5BSJFT-0053%5D+3in1CD+%E8%89%B2%E3%81%AF%E5%8C%82%E3%81%B8%E3%81%A9%E6%95%A3%E3%82%8A%E3%81%AC%E3%82%8B%E3%82%92+%5B%E4%BE%8B%E5%A4%A7%E7%A5%AD17%5D.zip,4b6df55300f3c10b,Queued
16354,不完全の命,https://doujinstyle.com/covers/16354.jpg,少女フラクタル (Shoujo Fractal),TMKS15 | Touhou | Rock | J-pop,https://mega.nz/file/sZBCjTIT#_bKz0exdUPw6KLqdesAQgp1lNW_kONDGG0dQ1SUE_TA,No,,,Skipped
15344,雲隠レシ空、誰を想フ。,https://doujinstyle.com/covers/15344.jpg,少女フラクタル (Shoujo Fractal),RTS18 | Touhou | Trance | Rock | Electronic | Vocal,https://www.mediafire.com/file/fj09lmcmk8zubtk/2021.03.21+[SJFT-0059]+é²é ã¬ã·ç©ºãèª°ãæ³ãã+[ä¾å¤§ç¥­18].zip/file,Yes,https://download1589.mediafire.com/44fhowad0epgFqyOsL_U_cjPoaMfjGQlfaifr4Obb7HychADUeoZIRGltCZlqFsOVhAeSZxvnww1PkVhhU-QOxE4MCiv2tIgC4SQGGstPMBoYirtIc0qYorBE2Ejr4cNm_2Atzpe7hIdq7ni-gafh5pY48BoFD95CmPV_waN_R4Qag/fj09lmcmk8zubtk/2021.03.21+%5BSJFT-0059%5D+%E9%9B%B2%E9%9A%A0%E3%83%AC%E3%82%B7%E7%A9%BA%E3%80%81%E8%AA%B0%E3%82%92%E6%83%B3%E3%83%95%E3%80%82+%5B%E4%BE%8B%E5%A4%A7%E7%A5%AD18%5D.zip,760efe3f02904e58,Queued
13135,彷徨いの冥,https://doujinstyle.com/covers/13135.png,少女フラクタル (Shoujo Fractal),RTS12 | Touhou | Trance | J-pop,https://www.mediafire.com/file/m8p0rj9vybiqkcw/[ä¾å¤§ç¥­12]+[å°å¥³ãã©ã¯ã¿ã«]+å½·å¾¨ãã®å¥.zip/file,Yes,https://download1528.mediafire.com/4lzcco4rw18gljYEBeG2Y_tzVJ1MOJU0moi0OpLKvO2LaNX3MAWPUSDJlliZqma1EeIw-r4Uw3hEt06MXpCqeKjR8VzM4kQZzvuXXHjc7W5ciYRfvnEwncVykT_S_PsvFQG1JFeRklSp_ufp2VuX3vCw2CkqUbc9dEGzyHxV7ob5GA/m8p0rj9vybiqkcw/%5B%E4%BE%8B%E5%A4%A7%E7%A5%AD12%5D+%5B%E5%B0%91%E5%A5%B3%E3%83%95%E3%83%A9%E3%82%AF%E3%82%BF%E3%83%AB%5D+%E5%BD%B7%E5%BE%A8%E3%81%84%E3%81%AE%E5%86%A5.zip,9f8897cca04a5776,Queued
12872,信じた道の先に,https://doujinstyle.com/covers/12872.jpg,少女フラクタル (Shoujo Fractal),TMKS14 | Touhou | Electronic | Vocal,https://www.mediafire.com/file/mc04slrpv7p8s0o/2020.08.09+[SJFT-0056]+ä¿¡ããéã®åã«+[æ±æ¹åè¯ç¥­14].zip/file,Yes,https://download1072.mediafire.com/xobaqzkwt9eg7Wi6VyYSy68ZMUutEm2gmaJOnblPJNr3TexclXEbGVWnjia0yRf3-jeqZk9jBrD5AM6z9WoELq6lzeuoGX2B71FVhm2-3WFcHPZyYHciklFXI0vr6ka2sX5uVyCsUw3UgjmXbz0JTZGhbb2jnthN9F2X4ycUSMi5Dw/mc04slrpv7p8s0o/2020.08.09+%5BSJFT-0056%5D+%E4%BF%A1%E3%81%98%E3%81%9F%E9%81%93%E3%81%AE%E5%85%88%E3%81%AB+%5B%E6%9D%B1%E6%96%B9%E5%90%8D%E8%8F%AF%E7%A5%AD14%5D.zip,7ac4ad8721d73c90,Queued
12871,無慈悲な運命と知りながら,https://doujinstyle.com/covers/12871.jpg,少女フラクタル (Shoujo Fractal),TMKS14 | Touhou | Electronic | Vocal,https://www.mediafire.com/file/zhng3lq58bdxrs4/2020.08.09+[SJFT-0055]+ç¡ææ²ãªéå½ã¨ç¥ããªãã+[æ±æ¹åè¯ç¥­14].zip/file,Yes,https://download1501.mediafire.com/b1ebmr7on4ngJvCAdkpa0VbH6MHgmD01uEpMsYz1hOJoTwsh5yxcpaigtpGh4vXsx8Jhh95KoIeOX9tvtqKlC1S9MOkItOfcHIxdPcw7lu7XSlYWtsePxN5ZAMR1qyMYdSn3TJx5nMJ8BNZliDu3RIWs5MpLWG2hd0Wve2nVG2IofQ/zhng3lq58bdxrs4/2020.08.09+%5BSJFT-0055%5D+%E7%84%A1%E6%85%88%E6%82%B2%E3%81%AA%E9%81%8B%E5%91%BD%E3%81%A8%E7%9F%A5%E3%82%8A%E3%81%AA%E3%81%8C%E3%82%89+%5B%E6%9D%B1%E6%96%B9%E5%90%8D%E8%8F%AF%E7%A5%AD14%5D.zip,96bebf81177ef474,Queued
12841,シングルズベストVol.3「その日、夢想は共鳴する」,https://doujinstyle.com/covers/12841.jpg,少女フラクタル (Shoujo Fractal),C97 | Touhou | Rock | J-pop | Electronic,https://www.mediafire.com/file/c4etjeyueu1o20b/2019.12.31+[SJFT-0050]+ã·ã³ã°ã«ãºãã¹ãVol.3ããã®æ¥ãå¤¢æ³ã¯å±é³´ããã+[C97].zip/file,Yes,https://download1590.mediafire.com/ynbzyxqs28agVEYUGAqOIbmllspKQT9GQHSPtj5aVlAExJ0C470kK98LIRG_7ETZ3xgJaEMqulniWHpgzPnUZsUjbsVsIt-aMYv51vZQH1yOkk0J5iy4WHL0N8xgQlzGGTQl2_drd3PXdm69-IvZ3iKW3XW6nozxo20fpZ65sq6BKg/c4etjeyueu1o20b/2019.12.31+%5BSJFT-0050%5D+%E3%82%B7%E3%83%B3%E3%82%B0%E3%83%AB%E3%82%BA%E3%83%99%E3%82%B9%E3%83%88Vol.3%E3%80%8C%E3%81%9D%E3%81%AE%E6%97%A5%E3%80%81%E5%A4%A2%E6%83%B3%E3%81%AF%E5%85%B1%E9%B3%B4%E3%81%99%E3%82%8B%E3%80%8D+%5BC97%5D.zip,95dc6d011a093f65,Queued
12749,裏表ロンリネス,https://doujinstyle.com/covers/12749.png,少女フラクタル (Shoujo Fractal),RTS17 | Touhou | Vocal | Electronic | Instrumental | Trance,https://www.mediafire.com/file/tmx5z062ztza3z6/2020.03.22+[SJFT-0052]+è£è¡¨ã­ã³ãªãã¹+[ä¾å¤§ç¥­17].zip/file,Yes,https://download1078.mediafire.com/4l422cu1eqjguWkVfDSZBkhaJI7wB4JZ5AVW0epbp868kEO0kTJGhClbumoND9zhVdBFkihixWV3xRPO6FgMLKQItgUz4NUi6_1ajpYohp_cbMJQ2S-NMNOulOj17Vtkk5466vqXONRGjWtGlfmBxco2RZJoLzaSGiaYhXZBk8rGVA/tmx5z062ztza3z6/2020.03.22+%5BSJFT-0052%5D+%E8%A3%8F%E8%A1%A8%E3%83%AD%E3%83%B3%E3%83%AA%E3%83%8D%E3%82%B9+%5B%E4%BE%8B%E5%A4%A7%E7%A5%AD17%5D.zip,5b57df89362030eb,Queued
12747,幸せの行方,https://doujinstyle.com/covers/12747.jpg,少女フラクタル (Shoujo Fractal),C98 | Touhou | Trance | Vocal | Electronic | Soundtrack,https://www.mediafire.com/file/lgbj49qyl1r4cr8/2020.05.05+[SJFT-0054]+å¹¸ãã®è¡æ¹+[C98].zip/file,Yes,https://download1581.mediafire.com/2objmobooy5g68EfI_h8gFUuOhBEkRaIUZuYBg8oLehv36w4AkBDdPnsOhHEVUEcDUewfaPiqMX5pPu6fSQbS8foS8sLDvYcHqgnaVDeHUvpt8EI57SRXPF_He-2II7Sdy5ut3U6mcLpgyZ4SglGCPSGcDHe_qa7ZQe6HACwuz-RSQ/lgbj49qyl1r4cr8/2020.05.05+%5BSJFT-0054%5D+%E5%B9%B8%E3%81%9B%E3%81%AE%E8%A1%8C%E6%96%B9+%5BC98%5D.zip,e4a5f50f997940df,Queued
12431,EX11,https://doujinstyle.com/covers/12431.jpg,少女フラクタル (Shoujo Fractal),Vocal | Touhou | Rock | Electronic,https://mega.nz/folder/8YcWTBxQ#RGnkyNxhmFS4wPrbVQIpPg,No,,,Skipped
8677,シングルズベストVol.2,https://doujinstyle.com/covers/8677.jpg,少女フラクタル (Shoujo Fractal),C97 | Touhou | Electronic | Soundtrack | Pop,https://mega.nz/folder/FvIFRYTA#r1KC6II6I-xMm57dhiW_PQ,No,,,Skipped
7852,不可測的メトロポリス,https://doujinstyle.com/covers/7852.jpg,少女フラクタル (Shoujo Fractal),C97 | Touhou | Vocal | Soundtrack,https://mega.nz/folder/81QhWQYC#0fnnR9PtcgEeFIKkPuQEoQ,No,,,Skipped
6928,彷徨いの冥～天～,https://doujinstyle.com/covers/6928.jpg,少女フラクタル (Shoujo Fractal),ARTS6 | Touhou | Vocal,https://www.mediafire.com/file/7jv14s2dgrashcf/2019.10.06+[SJFT-0047]+å½·å¾¨ãã®å¥ï½å¤©ï½+[ç§ä¾å¤§ç¥­6].zip/file,Yes,https://download1650.mediafire.com/ler613ylyiig8bjfGep0MY-vft-5Qc2pngjRdUezPxd7-F57jouomShnJs-4Rq0PfCHryPqgnc9FXcetfHYo2Nm0euIjFlMR4i6FtM6X3UsfLcMmTwKLFEivHk_5RpSJC9Z4t1Cy9CZJOYl4SAjvWnjpaqMOqtzgtUWSsnz_mxf1aQ/7jv14s2dgrashcf/2019.10.06+%5BSJFT-0047%5D+%E5%BD%B7%E5%BE%A8%E3%81%84%E3%81%AE%E5%86%A5%EF%BD%9E%E5%A4%A9%EF%BD%9E+%5B%E7%A7%8B%E4%BE%8B%E5%A4%A7%E7%A5%AD6%5D.zip,ce447d0cb359bc32,Queued
6629,夢色プレリュード,https://doujinstyle.com/covers/6629.jpg,少女フラクタル (Shoujo Fractal),C96 | Touhou | Vocal | Electronic,https://mega.nz/folder/puZ0nbCb#LUiZDPDtQ7LUmMnIX0r1sg,No,,,Skipped
5403,終天のアリア,https://doujinstyle.com/covers/5403.jpg,少女フラクタル (Shoujo Fractal),RTS16 | Touhou,https://www.mediafire.com/file/cpwvry8gm0s66nm/2019.05.05+[SJFT-0044]+çµå¤©ã®ã¢ãªã¢+[ä¾å¤§ç¥­16].zip/file,Yes,https://download1350.mediafire.com/ibvfl4t3acagxh6DR-qmMAd0mGCD4lK1-8bgVKsNLicTQ_Ue-Xxc8ArnyvqVDnLVY9qKHqzHfMVkGoY7Gh2E2l1szLFbdQXRN3pwwE4atg1apJgeFD7J2RsdO9cseyh5NF86h3AzJBG3SmLO4XiDu5GwS4Ehsb8Ikd3UmOUWRogBSA/cpwvry8gm0s66nm/2019.05.05+%5BSJFT-0044%5D+%E7%B5%82%E5%A4%A9%E3%81%AE%E3%82%A2%E3%83%AA%E3%82%A2+%5B%E4%BE%8B%E5%A4%A7%E7%A5%AD16%5D.zip,ac9b88e0e187145f,Queued
5239,月まで飛び跳ねて + The Walking Luck,https://doujinstyle.com/covers/5239.jpg,少女フラクタル (Shoujo Fractal),RTS15 | Electronic | Touhou,https://mega.nz/#!QEoFDCza!pxgyZO2ffC_uB3YtBvE5qFbWEwPTBwgCN5FZ2ArZbYY,No,,,Skipped
5044,無限の旅、僕らの選択,https://doujinstyle.com/covers/5044.jpg,少女フラクタル (Shoujo Fractal),Touhou,https://www.mediafire.com/file/75x79zmm7czsmsu/2019.03.17+[SJFT-0043]+ç¡éã®æãåãã®é¸æ+[æ±æ¹åè¯ç¥­13].zip/file,Yes,https://download1078.mediafire.com/8kbjdi2km7ogSBk7g3ky8tITK5FG6OhJ5dj3xiV2G1ou2ri-iOkOAQbDzxdsaJesR4BV6464oJqKjFVI2msdbLWW7xe7iPmgoUvR0RRDybGT1gWx37Jk3vkUP5VwyukYa9lszrp1riH4a_2PfdppBDR-gROsIqJwYKvFvqsdgSFKGg/75x79zmm7czsmsu/2019.03.17+%5BSJFT-0043%5D+%E7%84%A1%E9%99%90%E3%81%AE%E6%97%85%E3%80%81%E5%83%95%E3%82%89%E3%81%AE%E9%81%B8%E6%8A%9E+%5B%E6%9D%B1%E6%96%B9%E5%90%8D%E8%8F%AF%E7%A5%AD13%5D.zip,9964e4f9768bf818,Queued
4887,秘密のソルベ + Cold Wave,https://doujinstyle.com/covers/4887.jpg,少女フラクタル (Shoujo Fractal),Touhou,https://www.mediafire.com/file/9xhxuacl6q9mlr8/2018.04.zip/file,Yes,https://download941.mediafire.com/g02gq580svsg0icS21bELHB4dgmwI8AqmK9zfI6iJiA4bpqP0Yp24gmAuzeBqUK8euMj_tCBMcGkHsBNKZKGrvuys6ttZ92-GceG27CdLwBBskHaWgej810nLCU7Z2oYybhojdBFATQz4JV9sGtjUZmulr30AaaEtITWZgbi8jZz9g/9xhxuacl6q9mlr8/2018.04.zip,f89f8fd8aabf3d7e,Queued
4692,常夏サイダー ~言葉はいらない~,https://doujinstyle.com/covers/4692.jpg,少女フラクタル (Shoujo Fractal),C92 | Instrumental | Touhou,https://www.mediafire.com/file/s1zj6zmkj5s5v6k/2017.08.11+[SJFT-0020]+å¤ãµã¤ãã¼+~è¨èã¯ãããªã~+[C92].zip/file,Yes,https://download1590.mediafire.com/sxn2yzjlgbcgHU-IJ-fmymfl5XyiVbwZbWK8ynATa1aHpELf1cp6bQGAnWI54aBXvtwIjR-x7cQKM6VzbE84x6tF7YSgsiwY-D2IPigHS4T9V_yauTNp8oOpFfAGzPm0o32SDAVjpXWvUqEdmWzuytZkQJIUCdej3xG4qwXVWSDD7g/s1zj6zmkj5s5v6k/2017.08.11+%5BSJFT-0020%5D+%E5%A4%8F%E3%82%B5%E3%82%A4%E3%83%80%E3%83%BC+%7E%E8%A8%80%E8%91%89%E3%81%AF%E3%81%84%E3%82%89%E3%81%AA%E3%81%84%7E+%5BC92%5D.zip,e1abc78a52e5fb30,Queued
4672,言葉ナキ彷徨い,https://doujinstyle.com/covers/4672.jpg,少女フラクタル (Shoujo Fractal),C89 | Touhou,https://www.mediafire.com/file/1z72g3a8trnokxv/2015.12.30+[SJFT-0009]+è¨èãã­å½·å¾¨ã+[C89].zip/file,Yes,https://download854.mediafire.com/gckvoizhut0gHWoatJm8l87hch5Kef0DjJz3E0dcASBUYVrg467tqQNf7j-bQmzegXlnyTYgVQ-ETDR0gWMf8cQm_IfTvhKn_A-j43sFTmdd50PeVJYnUM8SJoiC35s1BJn-RrHXoqV4v503LXEuLyMiNuHJX2Kw66DZhSIXgwl45g/1z72g3a8trnokxv/2015.12.30+%5BSJFT-0009%5D+%E8%A8%80%E8%91%89%E3%83%8A%E3%82%AD%E5%BD%B7%E5%BE%A8%E3%81%84+%5BC89%5D.zip,13dfef620063f00f,Queued
4574,秘神は背中で燃えている,https://doujinstyle.com/covers/4574.jpg,少女フラクタル (Shoujo Fractal),C94 | Touhou | Electronic,https://www.mediafire.com/file/ypswv17r4r0w05u/2018.08.10+[SJFT-0033]+ç§ç¥ã¯èä¸­ã§çãã¦ãã+[C94].zip/file,Yes,https://download1649.mediafire.com/3eewhdeg9wog-ZbGJf567Gl6jEU0uPvio9ypkmDkbXnq2Q2wiMikmFGhyhDKjKrYvkotyiTgEQ4Tqe_4sehmbn3snccZKGGkFqOQefEhxrXeAEqKiaaTuetwOYS_4HlKIjP4Fd5fWk3DbUw5GoeLuf7Ov_PNdRxrb25VC7KU7lld8w/ypswv17r4r0w05u/2018.08.10+%5BSJFT-0033%5D+%E7%A7%98%E7%A5%9E%E3%81%AF%E8%83%8C%E4%B8%AD%E3%81%A7%E7%87%83%E3%81%88%E3%81%A6%E3%81%84%E3%82%8B+%5BC94%5D.zip,7d587d6b6e497568,Queued
4404,Realidea,,少女フラクタル (Shoujo Fractal),C94 | Touhou | Vocal | Soundtrack,https://mega.nz/#!vmRVlKgI!T5BuPEPuJQ_2u4jZ8YmyBQgws3C2YeRDFvb4Ke3oTLs,No,,,Skipped
4386,孤独月,https://doujinstyle.com/covers/4386.jpg,少女フラクタル (Shoujo Fractal),C94 | Touhou | Vocal | Soundtrack,https://www.mediafire.com/file/ssl49a95duaos7m/2018.08.10+[SJFT-0036]+å­¤ç¬æ+[C94].zip/file,Yes,https://download1324.mediafire.com/m2x4vn1ppzvg06YtojbUf5PvfmtB0QHrPCB4MqfDuwrnlihnofmZzZcopmvl596PjDKExteiulMCz_DSxHF7ohOIAkIWXeECWKkWzDWo5WNRPNDazVlnHGBzPCXdZE0_1miaKuQxN6Py8C-lTPc69W7FtLePvyN-Fpi60ZtmKhX1NQ/ssl49a95duaos7m/2018.08.10+%5BSJFT-0036%5D+%E5%AD%A4%E7%8B%AC%E6%9C%88+%5BC94%5D.zip,0e087cc48b8e2543,Queued
3877,君の気付かない君の優しさ,https://doujinstyle.com/covers/3877.jpg,少女フラクタル (Shoujo Fractal),C93 | Touhou | Electronic,https://www.mediafire.com/file/apz315to4kkixqa/2017.12.29+[SJFT-0022]+åã®æ°ä»ããªãåã®åªãã+[C93].zip/file,Yes,https://download854.mediafire.com/1s2kpvycgtqg-OKVZ3BQPoQAH6Km0fuafqL-Q59BKKA_MG4KoP0jFs0dq1Mkxx49_eWbteX0klEtvzEuJj5i_MN7JqZnBNVOV3BjTfi0on8XBTWmhdomrJwiLsL62RhcM01j4e8MeXdbWu1EbZP4XnVPXTrtHPXjVIx-vr0DqKhbAg/apz315to4kkixqa/2017.12.29+%5BSJFT-0022%5D+%E5%90%9B%E3%81%AE%E6%B0%97%E4%BB%98%E3%81%8B%E3%81%AA%E3%81%84%E5%90%9B%E3%81%AE%E5%84%AA%E3%81%97%E3%81%95+%5BC93%5D.zip,184a11b280b9cac7,Queued
3774,インヴィジブル,https://doujinstyle.com/covers/3774.jpg,少女フラクタル (Shoujo Fractal),C92 | Touhou | J-pop | Electronic | Soundtrack,https://www.mediafire.com/file/uyg08a8le292hre/2017.08.11+[SJFT-0019]+ã¤ã³ã´ã£ã¸ãã«+[C92].zip/file,Yes,https://download1588.mediafire.com/in20ln1e6mtgXZUR8Mpo53AOWsSWHZV76eNQf6XyGPzbM3aQXupT6vluzyyfxr6mZsUM-SNJnZlDuXD7lA5X3nK1xTLM2wAPBxI0_9RuAaIg3eKlnbQeO9JgR3NlL9ynTfMVLtEaYiCB2naeAEQZoWaK-PR0lffACdZuc6daUkUltA/uyg08a8le292hre/2017.08.11+%5BSJFT-0019%5D+%E3%82%A4%E3%83%B3%E3%83%B4%E3%82%A3%E3%82%B8%E3%83%96%E3%83%AB+%5BC92%5D.zip,de797c7776635eed,Queued
3056,絵空事でいいから。,,少女フラクタル (Shoujo Fractal),C95,https://www.mediafire.com/file/c9b8j4c6rybbemz/2018.12.30_%255BSJFT-0038%255D_%25E7%25B5%25B5%25E7%25A9%25BA%25E4%25BA%258B%25E3%2581%25A7%25E3%2581%2584%25E3%2581%2584%25E3%2581%258B%25E3%2582%2589%25E3%2580%2582_%255BC95%255D.zip/file,Yes,https://download1327.mediafire.com/5epdpq2iq4ig3eWz2gMLkEQi2zOzAa5HziP4B2YUN74r-V8kIx1-8O2R_ygVkpp1P_yyFatQ08UvA9SshCwvS9mFEOr0DPAEuTuMYw9pEZ9jyJe99lDrG4pHf3JKql1l-fyK0Iu14duYX5q1asoCsFmBCQ0pYT374neSVlAjYIhAbA/c9b8j4c6rybbemz/2018.12.30+%5BSJFT-0038%5D+%E7%B5%B5%E7%A9%BA%E4%BA%8B%E3%81%A7%E3%81%84%E3%81%84%E3%81%8B%E3%82%89%E3%80%82+%5BC95%5D.zip,9f0c1b4e22fcc567,Queued
3051,Realidea,,少女フラクタル (Shoujo Fractal),C94 | Touhou | Vocal | Soundtrack,https://mega.nz/#F!k9gziAwZ!KiKlPtqOWPDDOOznR7-OUA,No,,,Skipped
230,輪廻知らずの愛,https://doujinstyle.com/covers/230.jpg,少女フラクタル (Shoujo Fractal),C91 | J-pop | Electronic | Soundtrack,https://www.mediafire.com/file/g1edfgce6jlx02s/2016.12.29+[SJFT-0016]+è¼ªå»»ç¥ããã®æ+[C91].zip/file,Yes,https://download1589.mediafire.com/g3uovtj3ygngCK9ufOBKMhRPunDZURojDjhYjkU1vXEI37WZaw-Pm76SDUDuFBLVUFHIudnK5P9urn9YeFj1TU1JNYqhB0vrEmoc5jsokPqDB6aM24tkSdelpYst0A3avAx1Z98yzR4BdpvQuwyaI9SCZAU6LyxZCFHu573MreSIdg/g1edfgce6jlx02s/2016.12.29+%5BSJFT-0016%5D+%E8%BC%AA%E5%BB%BB%E7%9F%A5%E3%82%89%E3%81%9A%E3%81%AE%E6%84%9B+%5BC91%5D.zip,845df57e0687a7f2,Queued
229,オブリヴィオン,https://doujinstyle.com/covers/229.jpg,少女フラクタル (Shoujo Fractal),C90 | Touhou | J-pop | Electronic,https://www.mediafire.com/file/jz4z0owl8tgznav/2016.08.13+[SJFT-0013]+ãªããªã´ã£ãªã³+[C90].zip/file,Yes,https://download1322.mediafire.com/ortcstwitcqg40q8Khha5Kb-gS108em7S7KRXid60CKkNeYN9q9054cKnbeNPMAKbvpG4fHSRa_7Zav5deB5sEb-k9guPLaYqCxuMrLrlXq4tIST8RyUhi7n2_LA6ZWc_KP0UzFRTNSKte3XDudy68pKDTh-WNGKIBD3wPfiSIbeAA/jz4z0owl8tgznav/2016.08.13+%5BSJFT-0013%5D+%E3%82%AA%E3%83%96%E3%83%AA%E3%83%B4%E3%82%A3%E3%82%AA%E3%83%B3+%5BC90%5D.zip,5bcd1746687bb450,Queued
228,聖人の調律,https://doujinstyle.com/covers/228.jpg,少女フラクタル (Shoujo Fractal),C89 | Touhou | Soundtrack,https://www.mediafire.com/file/z5jf0dpo5maab6n/2015.12.30+[SJFT-0008]+èäººã®èª¿å¾+[C89].zip/file,Yes,https://download941.mediafire.com/4sti2hnm7k7gwGolcqAjrbjVtwqALzA5JQ0yqtAeLSX3DPaoa7_jjJWo2Usbt6WymM26tovkZFXROBfRSA88IVA1mvQB3NGmj8yY45QQa27YwhFNUdAejeC6ugHbaTrB6TJc7ZIqczDCUFDznX8xE0gd7znuLeONST-KqnG1b_4USA/z5jf0dpo5maab6n/2015.12.30+%5BSJFT-0008%5D+%E8%81%96%E4%BA%BA%E3%81%AE%E8%AA%BF%E5%BE%8B+%5BC89%5D.zip,d20b8676b05c6cc7,Queued
227,必然のカタストロフィ,,少女フラクタル (Shoujo Fractal),C87 | Touhou | Vocal | Pop | Soundtrack | Electronic,https://mega.nz/folder/CSpXARiY#hr-_MAV2Sdf6SvNvkXtzMw,No,,,Skipped
28003,EURO BAKAICHIDAI VOL.32,https://doujinstyle.com/covers/28003.jpg,Eurobeat Union,Touhou | Eurobeat,https://www.mediafire.com/file/enczjd4h2q6b0fz/Eurobeat+Union+-+Eurobaka+Ichidai+Vol.32+[FLAC].zip/file,Yes,https://download2391.mediafire.com/onq4e0q6wxvgSx396fjyJdslrqd7UPM0d9nAKXOw2tpRhyWI7RhYgNIXl7P5yHWtp7PnzCpqLQL2vPnz_JbjMXWLl3Xsxr6SNrDRe00LYB6QWaKuzE2ZIxmYWAaxLQR27uwKmR1dYlUm0SzZvPsaujnBeh8UFXiTuHCSByPom9ZVEg/enczjd4h2q6b0fz/Eurobeat+Union+-+Eurobaka+Ichidai+Vol.32+%5BFLAC%5D.zip,3a27082ca6b5da37,Queued
27998,Scarlet Driverz 160 from 東方紅魔郷,https://doujinstyle.com/covers/27998.png,Starry Canyon,M3-55 | Touhou | Vocal | Electronic | Hardcore | J-Core,https://www.mediafire.com/file/y995fqz7bsf0m48/2025.04.27_%255BSTC-TH001%255D_Scarlet_Driverz_160_from_%25E6%259D%25B1%25E6%2596%25B9%25E7%25B4%2585%25E9%25AD%2594%25E9%2583%25B7_%255BM3-55%255D.zip/file,Yes,https://download1325.mediafire.com/smyfl3gz1gdgVOuBzlEfFIEMR2TB7Lvf3R0JxA2f7SkFoVaEgTWmikURZGyyZJlc4jM1ftNKU4FvgMJ70GGro8veRsRGKd907nqo_eVAS1ddl7jlU3ctdWwEc5u-C5WdxA2CcUrL-2qgT0r0O4FnSR3oL76ccWGyvklz3PiZSCzXyg/y995fqz7bsf0m48/2025.04.27+%5BSTC-TH001%5D+Scarlet+Driverz+160+from+%E6%9D%B1%E6%96%B9%E7%B4%85%E9%AD%94%E9%83%B7+%5BM3-55%5D.zip,3529f2c88905bba2,Queued
27977,~ちいさな猫と天使のものがたり~,https://doujinstyle.com/covers/27977.jpeg,Petite Chanela,M3-55 | J-pop,https://www.mediafire.com/file/pjekgrlzb1h70ne/%255BM3-55%255D_Petite_Chanela_-_%257E%25E3%2581%25A1%25E3%2581%2584%25E3%2581%2595%25E3%2581%25AA%25E7%258C%25AB%25E3%2581%25A8%25E5%25A4%25A9%25E4%25BD%25BF%25E3%2581%25AE%25E3%2582%2582%25E3%2581%25AE%25E3%2581%258C%25E3%2581%259F%25E3%2582%258A%257E_%257BPTCN-0001%257D_%255BCD-FLAC%255D.zip/file,Yes,https://download1530.mediafire.com/t4hnad8pkykgFbQgNSRMLwLgQzg116XeA8vqwsQ0mNaZpk7uMSEeKsK-0shIA54SGIpLLDMwbjMxzmyoOJ9ORVGgqC7c-YvWJ2b9XLRS0YP-36TiOVKTwHIdfqwAYhabnbbR0DjDugX56TXNuDZUAi4DwDEIyr2ETQNdYMEDCc-c5A/pjekgrlzb1h70ne/%5BM3-55%5D+Petite+Chanela+-+%7E%E3%81%A1%E3%81%84%E3%81%95%E3%81%AA%E7%8C%AB%E3%81%A8%E5%A4%A9%E4%BD%BF%E3%81%AE%E3%82%82%E3%81%AE%E3%81%8C%E3%81%9F%E3%82%8A%7E+%7BPTCN-0001%7D+%5BCD-FLAC%5D.zip,536ac4ea4ce1c084,Queued
27958,Twilight,https://doujinstyle.com/covers/27958.jpeg,chick tale,M3-55 | Fantasy | World | Soundtrack | Folk,https://www.mediafire.com/file/9kluzhu06y8f0l1/%255BM3-55%255D_chick_tale_-_Twilight_%257BQCCD-0002%257D_%255BCD-FLAC%255D.zip/file,Yes,https://download1527.mediafire.com/2u21f4g69nhgWqo8m9rEmn3nr3MyNP8fETpfG_GylUPRjrOIsp-r8GYJZJk_tmVhh-5Nj5x2z6JKnIzXfK294Z1gbHwryJKdNBMRh9QXhW8j-9TV3t_OPHaAhxvB1W4StAOPOMGhKaWcURyeEky1D8KDAwqegDmg_wgS4KS29s0Y1w/9kluzhu06y8f0l1/%5BM3-55%5D+chick+tale+-+Twilight+%7BQCCD-0002%7D+%5BCD-FLAC%5D.zip,a1a7a61ac28a14ff,Queued
27917,時環,https://doujinstyle.com/covers/27917.jpeg,Mitsukiyo Roastery,M3-55 | J-pop,https://www.mediafire.com/file/cl0lx8y3egzn2x8/%255BM3-55%255D_Mitsukiyo_Roastery_%25E2%2580%2594_%25E6%2599%2582%25E7%2592%25B0_%257BMTKY0006%257D_%255B24bit_WEB-FLAC%255D.zip/file,Yes,https://download1592.mediafire.com/vsgb79c9kxegU3IZ5vhAQkocD3ioyAGRH8gE-n_zovZNknhga2XTTGGZaLaZmhPtngPa3NOMkIbbT--xaCVqb2yTnTk-74q-g6CEdQX8Ockn61B5TTY6BMC2QaHjF6UZA8__gUfymrBESXeez7DkktBTDGR8zue5e5_oH5b_Svwsbw/cl0lx8y3egzn2x8/%5BM3-55%5D+Mitsukiyo+Roastery+%E2%80%94+%E6%99%82%E7%92%B0+%7BMTKY0006%7D+%5B24bit+WEB-FLAC%5D.zip,65920960962d578b,Queued
20088,Azure Breezy Journey,https://doujinstyle.com/covers/20088.jpg,Appetite records,M3-50 | Vocaloid | J-pop,https://www.mediafire.com/file/fjgx1vna3m8apck/Appetite+records+â+Azure+Breezy+Journey+[FLAC].zip/file,Yes,https://download1590.mediafire.com/2hd43sdkfn2geQMgJwID4tDotONmlTFdm6I_TUYSeHXWyT7mQQmXui56svpg6-0-V59yo0xMECoXr3qBluil_9cNnvScHAB90aAp6KGgJ1poZ0XWyfyrPjrL_HzvN4lRZ4Ut_UPoLqZ2XMQbe__cyydQ5wQ7pWYJqmT5uNaZK4crJA/fjgx1vna3m8apck/Appetite+records+%E2%80%94+Azure+Breezy+Journey+%5BFLAC%5D.zip,d660a0efd46cb7b0,Queued
21427,プロローグ,https://doujinstyle.com/covers/21427.jpeg,Ponchi♪,Vocaloid | J-pop,https://www.mediafire.com/file/v1zp6w9aqn08zgt/%255B2023.06.03%255D_Ponchi%25E2%2599%25AA_-_%25E3%2583%2597%25E3%2583%25AD%25E3%2583%25AD%25E3%2583%25BC%25E3%2582%25B0_%257BPCMK-0001%257D_%2528CD-FLAC%2529.zip/file,Yes,https://download944.mediafire.com/6j78qlju9ptgLEsdQUThWXtngsGG7AJhEyYRZDxE-X9cvCl8wrCN51AxIMyTYEws9t1QXxQABqWde0pdZduyj0zqNlI_LEgKQHys3IjLfORRY7O9FbWTbAl3XElQJosXwGu4VLhZwuUgkanc6jMkdfx9d_-xSoc9a71utpgvQ3QXqQ/v1zp6w9aqn08zgt/%5B2023.06.03%5D+Ponchi%E2%99%AA+-+%E3%83%97%E3%83%AD%E3%83%AD%E3%83%BC%E3%82%B0+%7BPCMK-0001%7D+%28CD-FLAC%29.zip,4882008a86e12ec7,Queued
21716,lol project 054: Looking for the brilliant moment,https://doujinstyle.com/covers/21716.jpeg,lol project,C102 | Electronic | Trance | Vocaloid,https://www.mediafire.com/file/0yjy9s1idd1qqim/[C102]+lol+project+â+lol+project+054ï¼+Looking+for+the+brilliant+moment+{LOLPR-054}+[CD-FLAC].zip/file,Yes,https://download1655.mediafire.com/sgnieir00hfgumH1uZ2sE42vrRXVrdzXQnsbbQEzVBbGDXkXGfCi4K9g8gQIHqMY9KCbVFLPItKGx7zA5KOk24mnpJtna0ipaXqDprlc1ZvKjSbD77pdNYkjajOUUV0tqnDG1wivImwU38AwoR5q0wxM04T1JfbRYFZ6AO89oMxUPA/0yjy9s1idd1qqim/%5BC102%5D+lol+project+%E2%80%94+lol+project+054%EF%BC%9A+Looking+for+the+brilliant+moment+%7BLOLPR-054%7D+%5BCD-FLAC%5D.zip,16082fc4adf85f7a,Queued
13445,#GENSOKYOHoloism (#幻想郷ホロイズム),https://doujinstyle.com/covers/13445.jpg,COOL&CREATE,Touhou | Electronic | Trance | Hardcore | Vocal | Soundtrack | J-Core,https://www.mediafire.com/file/7mjld4zvliedx2q/COOL%2526CREATE_%25E2%2580%2594_%2523%25E5%25B9%25BB%25E6%2583%25B3%25E9%2583%25B7%25E3%2583%259B%25E3%2583%25AD%25E3%2582%25A4%25E3%2582%25BA%25E3%2583%25A0_%257BCCCD-0060%257D_%255BCD-FLAC%255D_%2528no_Log%2529.zip/file,Yes,https://download1979.mediafire.com/9kriv697ijmg5u6GQ3wjQ45Ova2axmI1mP9RSOYC6bdBprX2Xz14d5zBna1PNUIUpt4pE7itHt8jufi084MdAs2azNaN8ToLU9iAvn_myIBy3pG5dcxKRlGwlQkJJvyAZPp9-YjlRHJCcfeP6N4IvT-8ePiGTeaMGWHqT72Ami45pA/7mjld4zvliedx2q/COOL%26CREATE+%E2%80%94+%23%E5%B9%BB%E6%83%B3%E9%83%B7%E3%83%9B%E3%83%AD%E3%82%A4%E3%82%BA%E3%83%A0+%7BCCCD-0060%7D+%5BCD-FLAC%5D+%28no+Log%29.zip,789c5eb122dedd64,Queued
23665,エゴサしっぱい部っ!!,https://doujinstyle.com/covers/23665.jpeg,ボカロPエゴサ失敗部,Vocaloid | J-pop,https://www.mediafire.com/file/y1trsfjborndyfo/%25E3%2583%259C%25E3%2582%25AB%25E3%2583%25ADP%25E3%2582%25A8%25E3%2582%25B4%25E3%2582%25B5%25E5%25A4%25B1%25E6%2595%2597%25E9%2583%25A8_-_%25E3%2582%25A8%25E3%2582%25B4%25E3%2582%25B5%25E3%2581%2597%25E3%2581%25A3%25E3%2581%25B1%25E3%2581%2584%25E9%2583%25A8%25E3%2581%25A3%2521%2521_%255BCD-FLAC%255D.zip/file,Yes,https://download1530.mediafire.com/klcisldztf8g9BFab7y8kqXYfCTw7m46-I27RzajKIwH2sGPhFuUrK1Pu8iPv32GGDiHMB8t8xBlPOkyQ8nfnnST-NUjJFrABSWHjnGuN4sGIY5uXnnvosrL2mrF8MddX0ywewhe8zje0BUDscHBTGeFzuUYya72brtBUzH4kXszJw/y1trsfjborndyfo/%E3%83%9C%E3%82%AB%E3%83%ADP%E3%82%A8%E3%82%B4%E3%82%B5%E5%A4%B1%E6%95%97%E9%83%A8+-+%E3%82%A8%E3%82%B4%E3%82%B5%E3%81%97%E3%81%A3%E3%81%B1%E3%81%84%E9%83%A8%E3%81%A3%21%21+%5BCD-FLAC%5D.zip,68986a8b25251ddd,Queued
24079,ラビットホール,https://doujinstyle.com/covers/24079.jpg,DECO*27,Vocaloid | J-pop,https://www.mediafire.com/file/wvs8sbly7qrp54o/DECOï¼27+â+ã©ããããã¼ã«+(2023)+[WEB-FLAC].zip/file,Yes,https://download2282.mediafire.com/nk97iw5kc6agJA77kPR6-LH50L_etvDYEd7WWy8v0yaO4-rSzgRKhucUtyXi-p9CPOWYBFcvmRbAVanagnbdpqzme3nVKiqBCQSEXbSaKcdJAeRjfwPhnaFJ8In984sOu54ocq5GHYaVHa5hZrvqrNH2o8jaTMt_TC5J-HwTF7mMVQ/wvs8sbly7qrp54o/DECO%EF%BC%8A27+%E2%80%94+%E3%83%A9%E3%83%93%E3%83%83%E3%83%88%E3%83%9B%E3%83%BC%E3%83%AB+%282023%29+%5BWEB-FLAC%5D.zip,39c7a87902e69341,Queued
24152,ずんつむパラダイス,https://doujinstyle.com/covers/24152.jpeg,OSTER project,Vocaloid | J-pop,https://www.mediafire.com/file/d7i6j0uathyza8b/OSTER_Project_-_%25E3%2581%259A%25E3%2582%2593%25E3%2581%25A4%25E3%2582%2580%25E3%2583%2591%25E3%2583%25A9%25E3%2583%2580%25E3%2582%25A4%25E3%2582%25B9_%255BCD-FLAC%255D.rar/file,Yes,https://download1324.mediafire.com/7atko1ulbi4gV6ohyjMLn4SLa1dC6GkA07Wz467Cf2ZgSdp1fYKGNFFOPXbTHsr-hmrSYpIgFeXUSFCPnm_aqcZ8YEcFX7fkrLcJ8ES-yZ8RWXtypT94rAIS2khXOBYHVDEebetr3rV_qDlrP59PaRMgW3yJ3qDjq93zy9pcycnIJg/d7i6j0uathyza8b/OSTER+Project+-+%E3%81%9A%E3%82%93%E3%81%A4%E3%82%80%E3%83%91%E3%83%A9%E3%83%80%E3%82%A4%E3%82%B9+%5BCD-FLAC%5D.rar,02cd033211fb31a7,Queued
26967,かるたバトルE.P.,https://doujinstyle.com/covers/26967.png,nekomimi style,C105 | Rock | Electronic | Soundtrack,https://www.mediafire.com/file/ctpybkb2uew6cid/%255BC105%255D_nekomimi_style_-_Karuta_Battle_E.P._%255BCD_FLAC_%252B_Scans%255D.zip/file,Yes,https://download1323.mediafire.com/6gamgn74r9vg2J_UKBn4rdETcl8RqpjzmI007vrydCb-1GNYzvczVf-Th7q9avXF7jZdV08HfD0LguIgLM9iZ3-oE8laPias_E1UxhzBJ8SRapNg85nwer-ZZ1wuKlSvWoXPlLQeVzSyOh7f3ZFlnAlWO1iS-Eh__SAcXFGEbGPgpg/ctpybkb2uew6cid/%5BC105%5D+nekomimi+style+-+Karuta+Battle+E.P.+%5BCD+FLAC+%2B+Scans%5D.zip,6426b5a1a18ae0b5,Queued
24800,Mesmerizer,https://doujinstyle.com/covers/24800.jpg,サツキ,J-pop | Vocaloid,https://www.mediafire.com/file/9kcl8h60h8d2fyg/Mesmerizer.rar/file,Yes,https://download2298.mediafire.com/fpm4b0zj97tgZMADV7oYkORTaw7QRV74d2Xn0coLrKXPUk3GikNfpoOSTIgXggvEsdkDlZdH9Yv2Catwh0_ZIAGkM5JsPTYzErFiUU2mF0zmPqmgUGHxH8hnYjn-aVp6QeF_bsCphUeEiTOVukIkR3OHUKlqxJ-C1S2Nv0v7k2ebAQ/9kcl8h60h8d2fyg/Mesmerizer.rar,f3c90375e76fc519,Queued
28233,えんどれすにゅーわーるど,https://doujinstyle.com/covers/28233.jpeg,ことの,M3-55 | J-pop,https://www.mediafire.com/file/tafnq5n75nhozko/ãæ¥M3-55ã+kotono+ã¼+ããã©ããã«ãã¼ãã¼ãã©.zip/file,Yes,https://download937.mediafire.com/5k6cvnbx2bxg0PmKY6rAFdA4DHgGuIjbxoq3AOZBj3Lo5PsJTWmMasYiCLS_3w44gLkSuyIyNPTJI9y-fADn9uQhbomKkn274atSUqvyRNkKGkBP8BifiBS5DfY48l8P6ab7MWuB1RahxzxcPqMI5Nb2lFYCuVeKb00swALJ-P1d5Q/tafnq5n75nhozko/%E3%80%90%E6%98%A5M3-55%E3%80%91+kotono+%E3%83%BC+%E3%81%88%E3%82%93%E3%81%A9%E3%82%8C%E3%81%99%E3%81%AB%E3%82%85%E3%83%BC%E3%82%8F%E3%83%BC%E3%82%8B%E3%81%A9.zip,07d5be3396871e68,Queued
24399,Only My Railgun,https://doujinstyle.com/covers/24399.jpg,サカモト教授,Vocaloid | J-pop,https://www.mediafire.com/file/1wq7zbig5nkxku9/only_my_railgun%2528feat.%25E5%2588%259D%25E9%259F%25B3%25E3%2583%259F%25E3%2582%25AF%2529.zip/file,Yes,https://download1348.mediafire.com/i27lxyyuhb9gXLYWJRfGqzuC1pMlyGsh_Fc1IYQhlaFUxkHZwrwHZQazWQMlJZUiH_4SKKrfynFabkCINxr2ssXpXhiqjlr9WBXDaaReMIEetrlOVMszjsz6pukwSNHlaxt1XIjXG6mL6jPcPg80s8RfpG-jRETFBTUfxumR3Z-uzg/1wq7zbig5nkxku9/only+my+railgun%28feat.%E5%88%9D%E9%9F%B3%E3%83%9F%E3%82%AF%29.zip,4c7ced22b32eb0a1,Queued
21017,Clippings of youth vol.1,https://doujinstyle.com/covers/21017.jpeg,nekomimi style,Soundtrack | Hardcore | J-Core | Electronic,https://www.mediafire.com/file/d8og3g53z3rpk36/Clippings_of_youth_vol.1.zip/file,Yes,https://download844.mediafire.com/37f7bw6ct6jgHSMaIk7VE5Xx4BOTEwee_MhG6VMQ4wvrZlkscK2izqtTKQatKG7vW6Tf0kA3dajQ6S5TchZ8_glFTkby0VaQs43IyjH64JpFqh-42SlracpH_5pIjNKP05KOkMiKLv2hBV9k3BsAlY-K9pBfUiuETD0rzvjGK30feQ/d8og3g53z3rpk36/Clippings+of+youth+vol.1.zip,6952659a5f7ffebc,Queued
22366,Clippings of youth vol.2,https://doujinstyle.com/covers/22366.jpg,nekomimi style + sn,J-pop | Electronic | Hardcore | J-Core | Soundtrack,https://www.mediafire.com/file/pizp2wrynqfiaub/2023.10.22+[NMCD-0022]+Clippings+of+youth+vol.2+[ãããã¼ã®ã¢ã¼ã«ã¤ã10].zip/file,Yes,https://download1474.mediafire.com/6pmmjsposqkgD0ohfeXImZMjO8tYFSiL5PcAWuew2rm8juWxSpyXRxrMluWD3VOX40sOp_0m92dSjVE-Q7QcaobBJhNG4xTM1SXWTbFsQGLE6U2xIjvg12UIE2YJQO197ZiLAVe59vTPJnKhIej0SUfbWob-jSfNfd2_QnK6RmzRcA/pizp2wrynqfiaub/2023.10.22+%5BNMCD-0022%5D+Clippings+of+youth+vol.2+%5B%E3%81%9B%E3%82%93%E3%81%9B%E3%83%BC%E3%81%AE%E3%82%A2%E3%83%BC%E3%82%AB%E3%82%A4%E3%83%9610%5D.zip,79d6eaccca373c3e,Queued
24394,はぐ,https://doujinstyle.com/covers/24394.jpg,MIMI,Vocaloid | J-pop,https://www.mediafire.com/file/61r115ityb9lsmm/%25E3%2581%25AF%25E3%2581%2590_%2528feat._%25E5%2588%259D%25E9%259F%25B3%25E3%2583%259F%25E3%2582%25AF_%2526_%25E5%258F%25AF%25E4%25B8%258D%2529.zip/file,Yes,https://download1076.mediafire.com/4d6i5rdaugagI6wyum7BKaFyIi1MA7m2fDEIg-4iy5OsSi2jN-Ew3a_-DdcHPaJejI8HuKsbo2HOv94DBjMhAv2JMy5477XdcA2IzF3tZlLFfuzXRfcjV6pHd5ZAa9i1Fh7yjDtK1CEZHYAxtAtQwrgVgXO9_qmQIaXlT8Or9vsQRQ/61r115ityb9lsmm/%E3%81%AF%E3%81%90+%28feat.+%E5%88%9D%E9%9F%B3%E3%83%9F%E3%82%AF+%26+%E5%8F%AF%E4%B8%8D%29.zip,b464336fff087a3f,Queued
24538,Clippings of youth vol.3,https://doujinstyle.com/covers/24538.jpeg,nekomimi style,M3-53 | Vocal | Soundtrack | Jazz | Electronic | Hardcore | J-Core,https://www.mediafire.com/file/iiwfht7qr7o0p7w/%255BM3-53%255D_nekomimi_style_-_Clippings_of_youth_vol.3_%257BMMCD-0024%257D_%255BCD-FLAC%255D.zip/file,Yes,https://download1075.mediafire.com/9pwr85gkvk7gNcf6fa7uXojM2goRgP-OkJofmFRhiwS-XepoFd7gxuMr_XUh3QUKSUQrAtRlcIZLCFpHjk94fHHIQE8yOHrxisYXbBlSlWpYgleJAOj21nv4eBqEUrhgz_CE329pvbA4tfaBQHGzSPMeYu_lnoy8ssKt_adcrPhPeg/iiwfht7qr7o0p7w/%5BM3-53%5D+nekomimi+style+-+Clippings+of+youth+vol.3+%7BMMCD-0024%7D+%5BCD-FLAC%5D.zip,20160c6044de0c6c,Queued
27876,Starlight Palette,https://doujinstyle.com/covers/27876.jpeg,Jun Kuroda,M3-55 | J-pop,https://www.mediafire.com/file/wo5pfwxmzo4dusu/%255BM3-55%255D_Jun_Kuroda_%25E2%2580%2594_Starlight_Palette_%257BJKCD-0006%257D_%255BWEB-FLAC%255D.zip/file,Yes,https://download1321.mediafire.com/89z3qd8y7uigkgA2m1vaVvfR2IInlEj_Kj_cb2Mq9deGFxIDF21OVo79o8nTR-14E72oz2GJFy-k8Cud_pJOCnQfKdfApn_J87fPjh7YtY8ATVbT2ZKI06CMcNUHqnbTeEO4y4hrNXT9ZOwKq0es0EFmanpEQPt9Go3UTV0E4KDAKg/wo5pfwxmzo4dusu/%5BM3-55%5D+Jun+Kuroda+%E2%80%94+Starlight+Palette+%7BJKCD-0006%7D+%5BWEB-FLAC%5D.zip,0f1d1cbed033d875,Queued
27761,Blue Archive Fusion,https://doujinstyle.com/covers/27761.jpg,PYKAMIA,Soundtrack | J-pop | Artcore | EDM | Piano,https://www.mediafire.com/file/tnzia3z911gd8zx/Blue+Archive+Fusion.zip/file,Yes,https://download1503.mediafire.com/16ck9pd8dorgOf9tL4dxVR7UwavRRv9UDVg_GQ2HNYn3MoVGBf_8sRFbmspmTgNjdE4VxkdGjLpQawXI49Cj7GmEJrLBtt1yW2VaAXw_gzzj01kZSMWwsMu0Vx_6aBRRYJUwE5yltHitQV9BvOdNiajSfJy6pdokIRQVFLdPIkaYOQ/tnzia3z911gd8zx/Blue+Archive+Fusion.zip,d71c8b9f9db7c597,Queued
22439,Blue Archive Mixer,https://doujinstyle.com/covers/22439.jpg,PYKAMIA,M3-52 | Electronic | Trance | Soundtrack | J-Core | Hardcore | EDM | Orchestral | Piano | Artcore,https://www.mediafire.com/file/1ncw9gyckxz5v2t/2023.10.29+Blue+Archive+Mixer+[M3-52].zip/file,Yes,https://download1586.mediafire.com/msmzm8ukq9tgc3V6nCKC1_C_X3suN1fjBxmi1UfqPeLo8w-kxSKEjxn0CFxeAfGTqv4JujDwVQL3lvHx9_XI8eDU9OwGuLKuKN7ml9r5JKJkYxXHWOFrLzeTUVsNyLar7GY1REHqqQ9s6y-OW-IJ0nyHl7sZinOgjCaV8iEQAz01rA/1ncw9gyckxz5v2t/2023.10.29+Blue+Archive+Mixer+%5BM3-52%5D.zip,509a8c524fa528aa,Queued
27306,Catch U Later!,https://doujinstyle.com/covers/27306.jpg,fluffilm,RTS21 | Touhou | Future Bass,https://www.mediafire.com/file/dgd12zp12z3lcbz/2024.05.03+[FLFM-0001]+Catch+U+Later!+[ä¾å¤§ç¥­21].zip/file,Yes,https://download1348.mediafire.com/yovl1dcqja9gaEEi6ehzU2rcWI6RUNyWqJtlgb-3JcknkwthbxQqJ2v1NyKZCLDfX26Goubo-mKIRMAX-UnH7gTkkwZg-KaLGewYhY5GexQqtjXq-apLcK8zNLUj47JPtFNJ6eU-K7r1HYPQKwoOw5PPc2cpRyLRKFIKLBlb8NdteQ/dgd12zp12z3lcbz/2024.05.03+%5BFLFM-0001%5D+Catch+U+Later%21+%5B%E4%BE%8B%E5%A4%A7%E7%A5%AD21%5D.zip,d21f4027971f424f,Queued
